<?xml version="1.0" encoding="UTF-8"?>
<!DOCTYPE mapper
    PUBLIC "-//mybatis.org//DTD Mapper 3.0//EN"
    "http://mybatis.org/dtd/mybatis-3-mapper.dtd">

<mapper namespace="com.kej.demo1.mapper.BoardMapper">
	<select id="getList" resultType="BoardVO">
		select * from tbl_board
	</select>
	
	<insert id="insert">
		<selectKey keyProperty="bno" resultType="int" order="BEFORE">
			select max(bno)+1 from tbl_board
		</selectKey>
		
		insert into tbl_board(bno, title, writer, content)
		values(#{bno} #{title},#{writer},#{content})
	</insert>
	
	<select id="read" resultType="BoardVO">
		select * from tbl_board where bno =#{bno}
	</select>
	<update id="update">
		update tbl_board set title=#{title}, content=#{content} where bno=#{bno}
	</update>
	<delete id="delete">
		delete from tbl_board where bno=#{bno}
	</delete>
	
	<update id="fileRegister">
		update tbl_board set tilt
	</update>
</mapper>