<?xml version="1.0" encoding="UTF-8"?>
<!DOCTYPE mapper
    PUBLIC "-//mybatis.org//DTD Mapper 3.0//EN"
    "http://mybatis.org/dtd/mybatis-3-mapper.dtd">
    <mapper namespace="com.kej.demo1.mapper.ReplyMapper">
	<select id="getList" resultType="ReplyVO">
		select * from tbl_reply where bno=#{bno}
	</select>
	
	<insert id="register">
		insert into tbl_reply (bno, reply, replyer, replydate)
		values(#{bno},#{reply},#{replyer},now())
	</insert>
	
	<delete id="delete">
		delete from tbl_reply where rno=#{rno}
	</delete>
	
	<select id="read" resultType="ReplyVO">
		select * from tbl_reply where rno=#{rno}
	</select>
</mapper>